Material Class ID,Label
C855117521,External Power Adapter
C855117521,External Power Adapter
C855117521,External Power Adapter
C855117521,External Power Adapter
C855117521,External Power Adapter
C855117521,External Power Adapter
C855117521,External Power Adapter
C254694638,Cable Management Kit
C254694638,Cable Management Kit
C254694638,Cable Management Kit
C254694638,Cable Management Kit
C254694638,Cable Management Kit
C289958444,Enclosure
C324738937,Label/Sticker
C977854099,Rackmount Rails
C922734947,Dual Processor (Xeon or AMD)
C293693863,Power Loss Protection Capacitor
C855770764,Network Interface Card (Gigabit Ethernet)
C855770764,Network Interface Card (Gigabit Ethernet)
C858545219,Access Management System
C858545219,Access Management System